id,version,type,item_seed,image_path,question,ground_truth_json,gold_chain_json,plot_params_json,generation_json
step_00,v2,step_response,10183459428782335046,images/step_00.png,"From the step response, estimate (a) percent overshoot (%) and (b) 2% settling time (s). Show your reasoning steps.","{""percent_overshoot"": 14.814645, ""settling_time_s"": 0.463567, ""steady_state"": 1.0}","[""Identify the steady-state value from the final plateau of the response."", ""Identify the peak value (maximum amplitude) from the curve."", ""Compute percent overshoot = (peak − steady_state) / steady_state × 100%."", ""Compute 2% settling time as the first time after which the response stays within ±2% of steady-state.""]","{""zeta"": 0.5194035473142994, ""wn_rad_s"": 16.93547190573473}","{""t_end_s"": 3.6092038934357467, ""n_samples"": 1200}"
step_01,v2,step_response,1578147081495003678,images/step_01.png,"From the step response, estimate (a) percent overshoot (%) and (b) 2% settling time (s). Show your reasoning steps.","{""percent_overshoot"": 44.353583, ""settling_time_s"": 2.591974, ""steady_state"": 0.989105}","[""Identify the steady-state value from the final plateau of the response."", ""Identify the peak value (maximum amplitude) from the curve."", ""Compute percent overshoot = (peak − steady_state) / steady_state × 100%."", ""Compute 2% settling time as the first time after which the response stays within ±2% of steady-state.""]","{""zeta"": 0.2609053384607348, ""wn_rad_s"": 5.191014943689019}","{""t_end_s"": 2.77976451884192, ""n_samples"": 1200}"
step_02,v2,step_response,16062549290525893795,images/step_02.png,"From the step response, estimate (a) percent overshoot (%) and (b) 2% settling time (s). Show your reasoning steps.","{""percent_overshoot"": 2.165505, ""settling_time_s"": 0.638139, ""steady_state"": 1.0}","[""Identify the steady-state value from the final plateau of the response."", ""Identify the peak value (maximum amplitude) from the curve."", ""Compute percent overshoot = (peak − steady_state) / steady_state × 100%."", ""Compute 2% settling time as the first time after which the response stays within ±2% of steady-state.""]","{""zeta"": 0.7733726751513677, ""wn_rad_s"": 8.468816462774523}","{""t_end_s"": 2.9203391120399633, ""n_samples"": 1200}"
step_03,v2,step_response,5011456944841820319,images/step_03.png,"From the step response, estimate (a) percent overshoot (%) and (b) 2% settling time (s). Show your reasoning steps.","{""percent_overshoot"": 11.331582, ""settling_time_s"": 0.544984, ""steady_state"": 1.0}","[""Identify the steady-state value from the final plateau of the response."", ""Identify the peak value (maximum amplitude) from the curve."", ""Compute percent overshoot = (peak − steady_state) / steady_state × 100%."", ""Compute 2% settling time as the first time after which the response stays within ±2% of steady-state.""]","{""zeta"": 0.5696409330236112, ""wn_rad_s"": 10.851799484148726}","{""t_end_s"": 4.769600736412119, ""n_samples"": 1200}"
step_04,v2,step_response,5990379717700341936,images/step_04.png,"From the step response, estimate (a) percent overshoot (%) and (b) 2% settling time (s). Show your reasoning steps.","{""percent_overshoot"": 2.973941, ""settling_time_s"": 0.722906, ""steady_state"": 1.0}","[""Identify the steady-state value from the final plateau of the response."", ""Identify the peak value (maximum amplitude) from the curve."", ""Compute percent overshoot = (peak − steady_state) / steady_state × 100%."", ""Compute 2% settling time as the first time after which the response stays within ±2% of steady-state.""]","{""zeta"": 0.7456267039844893, ""wn_rad_s"": 8.00063477860706}","{""t_end_s"": 2.8050639815040572, ""n_samples"": 1200}"
bode_00,v2,bode_magnitude,14176649621613763895,images/bode_00.png,"From the Bode magnitude plot, estimate (a) DC gain (dB) and (b) the -3 dB cutoff frequency (Hz). Show your reasoning steps.","{""dc_gain_db"": -2.945727, ""cutoff_hz"": 254.19113}","[""Read the low-frequency (left-side) magnitude level as the DC gain in dB."", ""Compute the target level for cutoff: DC gain − 3 dB."", ""Find the frequency where the curve crosses the target level and report it as the cutoff frequency.""]","{""K"": 0.712383161701995, ""fc_hz"": 254.79542589233648, ""tau_s"": 0.0006246381485637269}","{""f_min_hz"": 1.0, ""f_max_hz"": 2000.0, ""n_points"": 600}"
bode_01,v2,bode_magnitude,6876081303784959341,images/bode_01.png,"From the Bode magnitude plot, estimate (a) DC gain (dB) and (b) the -3 dB cutoff frequency (Hz). Show your reasoning steps.","{""dc_gain_db"": 2.3913, ""cutoff_hz"": 316.996483}","[""Read the low-frequency (left-side) magnitude level as the DC gain in dB."", ""Compute the target level for cutoff: DC gain − 3 dB."", ""Find the frequency where the curve crosses the target level and report it as the cutoff frequency.""]","{""K"": 1.3169369744530375, ""fc_hz"": 317.75009421627357, ""tau_s"": 0.000500880868295095}","{""f_min_hz"": 1.0, ""f_max_hz"": 2000.0, ""n_points"": 600}"
bode_02,v2,bode_magnitude,757563068189262157,images/bode_02.png,"From the Bode magnitude plot, estimate (a) DC gain (dB) and (b) the -3 dB cutoff frequency (Hz). Show your reasoning steps.","{""dc_gain_db"": 0.476445, ""cutoff_hz"": 95.082175}","[""Read the low-frequency (left-side) magnitude level as the DC gain in dB."", ""Compute the target level for cutoff: DC gain − 3 dB."", ""Find the frequency where the curve crosses the target level and report it as the cutoff frequency.""]","{""K"": 1.0563850687780996, ""fc_hz"": 95.30821603642472, ""tau_s"": 0.001669897409800114}","{""f_min_hz"": 1.0, ""f_max_hz"": 2000.0, ""n_points"": 600}"
bode_03,v2,bode_magnitude,7683150786201075750,images/bode_03.png,"From the Bode magnitude plot, estimate (a) DC gain (dB) and (b) the -3 dB cutoff frequency (Hz). Show your reasoning steps.","{""dc_gain_db"": 0.458386, ""cutoff_hz"": 238.510773}","[""Read the low-frequency (left-side) magnitude level as the DC gain in dB."", ""Compute the target level for cutoff: DC gain − 3 dB."", ""Find the frequency where the curve crosses the target level and report it as the cutoff frequency.""]","{""K"": 1.0541910345946786, ""fc_hz"": 239.07779126704736, ""tau_s"": 0.000665703586470401}","{""f_min_hz"": 1.0, ""f_max_hz"": 2000.0, ""n_points"": 600}"
bode_04,v2,bode_magnitude,12806646157612342236,images/bode_04.png,"From the Bode magnitude plot, estimate (a) DC gain (dB) and (b) the -3 dB cutoff frequency (Hz). Show your reasoning steps.","{""dc_gain_db"": -1.847284, ""cutoff_hz"": 213.943745}","[""Read the low-frequency (left-side) magnitude level as the DC gain in dB."", ""Compute the target level for cutoff: DC gain − 3 dB."", ""Find the frequency where the curve crosses the target level and report it as the cutoff frequency.""]","{""K"": 0.8084177105063135, ""fc_hz"": 214.45236397925942, ""tau_s"": 0.0007421459019555871}","{""f_min_hz"": 1.0, ""f_max_hz"": 2000.0, ""n_points"": 600}"
fft_00,v2,fft_spectrum,9692791707021547255,images/fft_00.png,"From the FFT magnitude spectrum, identify the dominant frequency component (Hz). Show your reasoning steps.","{""dominant_frequency_hz"": 51.094891}","[""Ignore the DC component at 0 Hz."", ""Find the tallest peak in the magnitude spectrum."", ""Read the corresponding frequency on the x-axis and report it as the dominant frequency.""]","{""fs_hz"": 500, ""duration_s"": 0.548, ""tones_hz"": [51, 89, 142], ""amps"": [1.1561758756431297, 0.6987545067940472, 0.9825978213177671], ""noise_std"": 0.15}","{""N"": 274}"
fft_01,v2,fft_spectrum,4222059707291375311,images/fft_01.png,"From the FFT magnitude spectrum, identify the dominant frequency component (Hz). Show your reasoning steps.","{""dominant_frequency_hz"": 94.0}","[""Ignore the DC component at 0 Hz."", ""Find the tallest peak in the magnitude spectrum."", ""Read the corresponding frequency on the x-axis and report it as the dominant frequency.""]","{""fs_hz"": 1000, ""duration_s"": 0.5, ""tones_hz"": [94, 145, 170], ""amps"": [1.5822357798199835, 0.7383233711519547, 1.2572053979942714], ""noise_std"": 0.15}","{""N"": 500}"
fft_02,v2,fft_spectrum,7024916850966815814,images/fft_02.png,"From the FFT magnitude spectrum, identify the dominant frequency component (Hz). Show your reasoning steps.","{""dominant_frequency_hz"": 21.152443}","[""Ignore the DC component at 0 Hz."", ""Find the tallest peak in the magnitude spectrum."", ""Read the corresponding frequency on the x-axis and report it as the dominant frequency.""]","{""fs_hz"": 2000, ""duration_s"": 1.371, ""tones_hz"": [21, 134], ""amps"": [1.3977346491442257, 1.5022983926091014], ""noise_std"": 0.15}","{""N"": 2742}"
fft_03,v2,fft_spectrum,7411752269955297377,images/fft_03.png,"From the FFT magnitude spectrum, identify the dominant frequency component (Hz). Show your reasoning steps.","{""dominant_frequency_hz"": 13.133208}","[""Ignore the DC component at 0 Hz."", ""Find the tallest peak in the magnitude spectrum."", ""Read the corresponding frequency on the x-axis and report it as the dominant frequency.""]","{""fs_hz"": 1000, ""duration_s"": 0.533, ""tones_hz"": [13, 162, 187], ""amps"": [1.4300511841031713, 1.4725950966663524, 0.8075453791937982], ""noise_std"": 0.15}","{""N"": 533}"
fft_04,v2,fft_spectrum,1909859154466878159,images/fft_04.png,"From the FFT magnitude spectrum, identify the dominant frequency component (Hz). Show your reasoning steps.","{""dominant_frequency_hz"": 153.964588}","[""Ignore the DC component at 0 Hz."", ""Find the tallest peak in the magnitude spectrum."", ""Read the corresponding frequency on the x-axis and report it as the dominant frequency.""]","{""fs_hz"": 1000, ""duration_s"": 1.299, ""tones_hz"": [52, 154], ""amps"": [0.9364284834569508, 1.357043409797615], ""noise_std"": 0.15}","{""N"": 1299}"
wave_00,v2,time_waveform,17159401671818048932,images/wave_00.png,"From the time-domain waveform, estimate (a) the fundamental frequency (Hz) and (b) the peak-to-peak amplitude (Vpp). Show your reasoning steps.","{""frequency_hz"": 60.0, ""vpp_v"": 2.200578}","[""Estimate the period by measuring the time between successive similar points (e.g., peaks)."", ""Compute frequency = 1 / period."", ""Estimate peak-to-peak amplitude as (maximum − minimum) on the y-axis.""]","{""wave_type"": ""triangle"", ""f0_hz"": 60.0, ""A"": 1.163720080165747, ""fs_hz"": 2000, ""noise_std"": 0.05}","{""duration_s"": 0.02, ""N"": 40}"
wave_01,v2,time_waveform,10496803322182919819,images/wave_01.png,"From the time-domain waveform, estimate (a) the fundamental frequency (Hz) and (b) the peak-to-peak amplitude (Vpp). Show your reasoning steps.","{""frequency_hz"": 60.0, ""vpp_v"": 3.198674}","[""Estimate the period by measuring the time between successive similar points (e.g., peaks)."", ""Compute frequency = 1 / period."", ""Estimate peak-to-peak amplitude as (maximum − minimum) on the y-axis.""]","{""wave_type"": ""triangle"", ""f0_hz"": 60.0, ""A"": 1.571837366369961, ""fs_hz"": 2000, ""noise_std"": 0.05}","{""duration_s"": 0.02, ""N"": 40}"
wave_02,v2,time_waveform,17693739607004813715,images/wave_02.png,"From the time-domain waveform, estimate (a) the fundamental frequency (Hz) and (b) the peak-to-peak amplitude (Vpp). Show your reasoning steps.","{""frequency_hz"": 60.0, ""vpp_v"": 2.684174}","[""Estimate the period by measuring the time between successive similar points (e.g., peaks)."", ""Compute frequency = 1 / period."", ""Estimate peak-to-peak amplitude as (maximum − minimum) on the y-axis.""]","{""wave_type"": ""trapezoid"", ""f0_hz"": 60.0, ""A"": 1.2661032386076325, ""fs_hz"": 2000, ""noise_std"": 0.05}","{""duration_s"": 0.02, ""N"": 40}"
wave_03,v2,time_waveform,15029151853131179018,images/wave_03.png,"From the time-domain waveform, estimate (a) the fundamental frequency (Hz) and (b) the peak-to-peak amplitude (Vpp). Show your reasoning steps.","{""frequency_hz"": 200.0, ""vpp_v"": 4.423759}","[""Estimate the period by measuring the time between successive similar points (e.g., peaks)."", ""Compute frequency = 1 / period."", ""Estimate peak-to-peak amplitude as (maximum − minimum) on the y-axis.""]","{""wave_type"": ""trapezoid"", ""f0_hz"": 200.0, ""A"": 2.2095382692780987, ""fs_hz"": 2000, ""noise_std"": 0.05}","{""duration_s"": 0.02, ""N"": 40}"
wave_04,v2,time_waveform,14321882448487456924,images/wave_04.png,"From the time-domain waveform, estimate (a) the fundamental frequency (Hz) and (b) the peak-to-peak amplitude (Vpp). Show your reasoning steps.","{""frequency_hz"": 200.0, ""vpp_v"": 2.670841}","[""Estimate the period by measuring the time between successive similar points (e.g., peaks)."", ""Compute frequency = 1 / period."", ""Estimate peak-to-peak amplitude as (maximum − minimum) on the y-axis.""]","{""wave_type"": ""trapezoid"", ""f0_hz"": 200.0, ""A"": 1.3146136661592103, ""fs_hz"": 2000, ""noise_std"": 0.05}","{""duration_s"": 0.02, ""N"": 40}"
iv_00,v2,iv_curve,2747539721480601923,images/iv_00.png,"From the diode I–V curve, estimate the turn-on voltage (V) at I = 1.0 mA. Show your reasoning steps.","{""turn_on_voltage_v_at_target_i"": 1.038721, ""target_current_a"": 0.001}","[""Identify the target current level on the y-axis."", ""Find where the I–V curve reaches that current."", ""Read the corresponding voltage on the x-axis and report it as the turn-on voltage at that current.""]","{""kind"": ""diode"", ""Is"": 1e-12, ""nVt"": 0.04982621685520375, ""Rs"": 12.854245845689107, ""noise_std"": 5e-05}","{""v_min"": 0.0, ""v_max"": 1.2, ""n_points"": 300, ""fixed_point_iters"": 40}"
iv_01,v2,iv_curve,11539854655490049747,images/iv_01.png,"From the diode I–V curve, estimate the turn-on voltage (V) at I = 1.0 mA. Show your reasoning steps.","{""turn_on_voltage_v_at_target_i"": 1.140927, ""target_current_a"": 0.001}","[""Identify the target current level on the y-axis."", ""Find where the I–V curve reaches that current."", ""Read the corresponding voltage on the x-axis and report it as the turn-on voltage at that current.""]","{""kind"": ""diode"", ""Is"": 1e-12, ""nVt"": 0.05995362954265733, ""Rs"": 4.6869079442900246, ""noise_std"": 5e-05}","{""v_min"": 0.0, ""v_max"": 1.2, ""n_points"": 300, ""fixed_point_iters"": 40}"
iv_02,v2,iv_curve,18343074197880331363,images/iv_02.png,"From the diode I–V curve, estimate the turn-on voltage (V) at I = 1.0 mA. Show your reasoning steps.","{""turn_on_voltage_v_at_target_i"": 0.912157, ""target_current_a"": 0.001}","[""Identify the target current level on the y-axis."", ""Find where the I–V curve reaches that current."", ""Read the corresponding voltage on the x-axis and report it as the turn-on voltage at that current.""]","{""kind"": ""diode"", ""Is"": 1e-12, ""nVt"": 0.04351114413237946, ""Rs"": 15.122994185799437, ""noise_std"": 5e-05}","{""v_min"": 0.0, ""v_max"": 1.2, ""n_points"": 300, ""fixed_point_iters"": 40}"
iv_03,v2,iv_curve,5625328370521083205,images/iv_03.png,"From the diode I–V curve, estimate the turn-on voltage (V) at I = 1.0 mA. Show your reasoning steps.","{""turn_on_voltage_v_at_target_i"": 0.702369, ""target_current_a"": 0.001}","[""Identify the target current level on the y-axis."", ""Find where the I–V curve reaches that current."", ""Read the corresponding voltage on the x-axis and report it as the turn-on voltage at that current.""]","{""kind"": ""diode"", ""Is"": 1e-12, ""nVt"": 0.03151665771549807, ""Rs"": 18.5557376730703, ""noise_std"": 5e-05}","{""v_min"": 0.0, ""v_max"": 1.2, ""n_points"": 300, ""fixed_point_iters"": 40}"
iv_04,v2,iv_curve,9198855559109293978,images/iv_04.png,"From the I–V curve, estimate the resistance (Ohms). Show your reasoning steps.","{""resistance_ohm"": 176.986569}","[""For a resistor, the I–V relationship is linear: I = V / R."", ""Estimate the slope dI/dV from two points on the line."", ""Compute R = 1 / slope and report it.""]","{""kind"": ""resistor"", ""R_ohm"": 176.98656936760634, ""noise_std"": 0.0002}","{""v_min"": 0.0, ""v_max"": 1.2, ""n_points"": 300}"
transfer_00,v2,transfer_characteristic,5820992980753678817,images/transfer_00.png,"From the transfer characteristic, estimate (a) the small-signal gain (slope in the linear region) and (b) the saturation voltage magnitude (V). Show your reasoning steps.","{""small_signal_gain"": 3.326742, ""saturation_v"": 2.752665}","[""Identify the central linear region where output changes proportionally with input."", ""Estimate slope in that region using two points: gain ≈ Δoutput / Δinput."", ""Identify the flat regions where the output saturates and read the saturation voltage magnitude.""]","{""gain"": 3.3267415079427742, ""Vsat"": 2.752665001570376, ""offset"": -0.2787929371175788, ""noise_std"": 0.03}","{""x_min"": -2.0, ""x_max"": 2.0, ""n_points"": 400}"
transfer_01,v2,transfer_characteristic,14301822198815395878,images/transfer_01.png,"From the transfer characteristic, estimate (a) the small-signal gain (slope in the linear region) and (b) the saturation voltage magnitude (V). Show your reasoning steps.","{""small_signal_gain"": 2.105258, ""saturation_v"": 4.28991}","[""Identify the central linear region where output changes proportionally with input."", ""Estimate slope in that region using two points: gain ≈ Δoutput / Δinput."", ""Identify the flat regions where the output saturates and read the saturation voltage magnitude.""]","{""gain"": 2.105258084522121, ""Vsat"": 4.2899096352976995, ""offset"": 0.2733707205224999, ""noise_std"": 0.03}","{""x_min"": -2.0, ""x_max"": 2.0, ""n_points"": 400}"
transfer_02,v2,transfer_characteristic,15158929303978123285,images/transfer_02.png,"From the transfer characteristic, estimate (a) the small-signal gain (slope in the linear region) and (b) the saturation voltage magnitude (V). Show your reasoning steps.","{""small_signal_gain"": 4.506082, ""saturation_v"": 2.135712}","[""Identify the central linear region where output changes proportionally with input."", ""Estimate slope in that region using two points: gain ≈ Δoutput / Δinput."", ""Identify the flat regions where the output saturates and read the saturation voltage magnitude.""]","{""gain"": 4.506082010238523, ""Vsat"": 2.1357120975419615, ""offset"": -0.17372275453590788, ""noise_std"": 0.03}","{""x_min"": -2.0, ""x_max"": 2.0, ""n_points"": 400}"
transfer_03,v2,transfer_characteristic,11604944209561317138,images/transfer_03.png,"From the transfer characteristic, estimate (a) the small-signal gain (slope in the linear region) and (b) the saturation voltage magnitude (V). Show your reasoning steps.","{""small_signal_gain"": 1.640479, ""saturation_v"": 1.354214}","[""Identify the central linear region where output changes proportionally with input."", ""Estimate slope in that region using two points: gain ≈ Δoutput / Δinput."", ""Identify the flat regions where the output saturates and read the saturation voltage magnitude.""]","{""gain"": 1.64047876783018, ""Vsat"": 1.354213534967415, ""offset"": -0.3042187494223611, ""noise_std"": 0.03}","{""x_min"": -2.0, ""x_max"": 2.0, ""n_points"": 400}"
transfer_04,v2,transfer_characteristic,8716999891088276154,images/transfer_04.png,"From the transfer characteristic, estimate (a) the small-signal gain (slope in the linear region) and (b) the saturation voltage magnitude (V). Show your reasoning steps.","{""small_signal_gain"": 2.168063, ""saturation_v"": 4.244935}","[""Identify the central linear region where output changes proportionally with input."", ""Estimate slope in that region using two points: gain ≈ Δoutput / Δinput."", ""Identify the flat regions where the output saturates and read the saturation voltage magnitude.""]","{""gain"": 2.168063351447902, ""Vsat"": 4.244935357288355, ""offset"": 0.04998411183604734, ""noise_std"": 0.03}","{""x_min"": -2.0, ""x_max"": 2.0, ""n_points"": 400}"
