provider,model,id,type,difficulty,edge_case,final_pass,checkpoint_pass,overall_pass,consistency_pass,consistency_failures
openai,gpt-4.1,bandpass_response_000,bandpass_response,,,False,False,False,True,
openai,gpt-4.1,bandpass_response_001,bandpass_response,,,False,False,False,True,
openai,gpt-4.1,bandpass_response_002,bandpass_response,,,False,False,False,True,
openai,gpt-4.1,bandpass_response_003,bandpass_response,,,False,False,False,True,
openai,gpt-4.1,bandpass_response_004,bandpass_response,,,False,False,False,True,
openai,gpt-4.1,bandpass_response_005,bandpass_response,,,False,False,False,True,
openai,gpt-4.1,bandpass_response_006,bandpass_response,,,False,False,False,True,
openai,gpt-4.1,bandpass_response_007,bandpass_response,,,False,False,False,True,
openai,gpt-4.1,bandpass_response_008,bandpass_response,,,False,False,False,True,
openai,gpt-4.1,bandpass_response_009,bandpass_response,,,False,False,False,True,
openai,gpt-4.1,bandpass_response_010,bandpass_response,,,False,False,False,True,
openai,gpt-4.1,bandpass_response_011,bandpass_response,,,False,False,False,True,
openai,gpt-4.1,bandpass_response_012,bandpass_response,,,False,False,False,True,
openai,gpt-4.1,bandpass_response_013,bandpass_response,,,False,False,False,True,
openai,gpt-4.1,bandpass_response_014,bandpass_response,,,False,False,False,True,
openai,gpt-4.1,bandpass_response_015,bandpass_response,,,False,False,False,True,
openai,gpt-4.1,bandpass_response_016,bandpass_response,,,False,False,False,True,
openai,gpt-4.1,bandpass_response_017,bandpass_response,,,False,False,False,True,
openai,gpt-4.1,bandpass_response_018,bandpass_response,,,False,False,False,True,
openai,gpt-4.1,bandpass_response_019,bandpass_response,,,False,False,False,True,
openai,gpt-4.1,bandpass_response_020,bandpass_response,,,False,False,False,True,
openai,gpt-4.1,bandpass_response_021,bandpass_response,,,False,False,False,True,
openai,gpt-4.1,bandpass_response_022,bandpass_response,,,False,False,False,True,
openai,gpt-4.1,bandpass_response_023,bandpass_response,,,False,False,False,True,
openai,gpt-4.1,bandpass_response_024,bandpass_response,,,False,False,False,True,
openai,gpt-4.1,bandpass_response_025,bandpass_response,,,False,False,False,True,
openai,gpt-4.1,bandpass_response_026,bandpass_response,,,False,False,False,True,
openai,gpt-4.1,bandpass_response_027,bandpass_response,,,False,False,False,True,
openai,gpt-4.1,bandpass_response_028,bandpass_response,,,False,False,False,True,
openai,gpt-4.1,bandpass_response_029,bandpass_response,,,False,False,False,True,
openai,gpt-4.1,bode_magnitude_000,bode_magnitude,,,False,False,False,False,mag_at_fq inconsistent with dc/cutoff
openai,gpt-4.1,bode_magnitude_001,bode_magnitude,,,False,False,False,False,mag_at_fq inconsistent with dc/cutoff
openai,gpt-4.1,bode_magnitude_002,bode_magnitude,,,False,False,False,False,mag_at_fq inconsistent with dc/cutoff
openai,gpt-4.1,bode_magnitude_003,bode_magnitude,,,False,False,False,True,
openai,gpt-4.1,bode_magnitude_004,bode_magnitude,,,False,False,False,False,mag_at_fq inconsistent with dc/cutoff
openai,gpt-4.1,bode_magnitude_005,bode_magnitude,,,False,False,False,False,mag_at_fq inconsistent with dc/cutoff
openai,gpt-4.1,bode_magnitude_006,bode_magnitude,,,False,False,False,False,mag_at_fq inconsistent with dc/cutoff
openai,gpt-4.1,bode_magnitude_007,bode_magnitude,,,False,False,False,True,
openai,gpt-4.1,bode_magnitude_008,bode_magnitude,,,False,False,False,False,mag_at_fq inconsistent with dc/cutoff
openai,gpt-4.1,bode_magnitude_009,bode_magnitude,,,False,False,False,False,mag_at_fq inconsistent with dc/cutoff
openai,gpt-4.1,bode_magnitude_010,bode_magnitude,,,False,True,False,False,mag_at_fq inconsistent with dc/cutoff
openai,gpt-4.1,bode_magnitude_011,bode_magnitude,,,False,False,False,False,mag_at_fq inconsistent with dc/cutoff
openai,gpt-4.1,bode_magnitude_012,bode_magnitude,,,False,False,False,True,
openai,gpt-4.1,bode_magnitude_013,bode_magnitude,,,False,True,False,False,mag_at_fq inconsistent with dc/cutoff
openai,gpt-4.1,bode_magnitude_014,bode_magnitude,,,False,False,False,True,
openai,gpt-4.1,bode_magnitude_015,bode_magnitude,,,False,False,False,False,mag_at_fq inconsistent with dc/cutoff
openai,gpt-4.1,bode_magnitude_016,bode_magnitude,,,False,False,False,False,mag_at_fq inconsistent with dc/cutoff
openai,gpt-4.1,bode_magnitude_017,bode_magnitude,,,False,False,False,False,mag_at_fq inconsistent with dc/cutoff
openai,gpt-4.1,bode_magnitude_018,bode_magnitude,,,False,False,False,True,
openai,gpt-4.1,bode_magnitude_019,bode_magnitude,,,True,True,True,True,
openai,gpt-4.1,bode_magnitude_020,bode_magnitude,,,False,False,False,False,mag_at_fq inconsistent with dc/cutoff
openai,gpt-4.1,bode_magnitude_021,bode_magnitude,,,False,False,False,False,mag_at_fq inconsistent with dc/cutoff
openai,gpt-4.1,bode_magnitude_022,bode_magnitude,,,False,False,False,True,
openai,gpt-4.1,bode_magnitude_023,bode_magnitude,,,False,True,False,False,mag_at_fq inconsistent with dc/cutoff
openai,gpt-4.1,bode_magnitude_024,bode_magnitude,,,False,False,False,False,mag_at_fq inconsistent with dc/cutoff
openai,gpt-4.1,bode_magnitude_025,bode_magnitude,,,False,False,False,False,mag_at_fq inconsistent with dc/cutoff
openai,gpt-4.1,bode_magnitude_026,bode_magnitude,,,False,False,False,False,mag_at_fq inconsistent with dc/cutoff
openai,gpt-4.1,bode_magnitude_027,bode_magnitude,,,False,False,False,True,
openai,gpt-4.1,bode_magnitude_028,bode_magnitude,,,False,False,False,True,
openai,gpt-4.1,bode_magnitude_029,bode_magnitude,,,False,True,False,True,
openai,gpt-4.1,bode_phase_000,bode_phase,,,False,True,False,False,phase_at_fq inconsistent with cutoff
openai,gpt-4.1,bode_phase_001,bode_phase,,,False,True,False,False,phase_at_fq inconsistent with cutoff
openai,gpt-4.1,bode_phase_002,bode_phase,,,False,True,False,False,phase_at_fq inconsistent with cutoff
openai,gpt-4.1,bode_phase_003,bode_phase,,,False,True,False,True,
openai,gpt-4.1,bode_phase_004,bode_phase,,,False,True,False,True,
openai,gpt-4.1,bode_phase_005,bode_phase,,,False,True,False,True,
openai,gpt-4.1,bode_phase_006,bode_phase,,,False,True,False,False,phase_at_fq inconsistent with cutoff
openai,gpt-4.1,bode_phase_007,bode_phase,,,False,True,False,True,
openai,gpt-4.1,bode_phase_008,bode_phase,,,False,True,False,True,
openai,gpt-4.1,bode_phase_009,bode_phase,,,False,True,False,False,phase_at_fq inconsistent with cutoff
openai,gpt-4.1,bode_phase_010,bode_phase,,,False,True,False,True,
openai,gpt-4.1,bode_phase_011,bode_phase,,,False,True,False,True,
openai,gpt-4.1,bode_phase_012,bode_phase,,,False,True,False,False,phase_at_fq inconsistent with cutoff
openai,gpt-4.1,bode_phase_013,bode_phase,,,False,True,False,True,
openai,gpt-4.1,bode_phase_014,bode_phase,,,False,True,False,True,
openai,gpt-4.1,bode_phase_015,bode_phase,,,False,True,False,True,
openai,gpt-4.1,bode_phase_016,bode_phase,,,False,True,False,True,
openai,gpt-4.1,bode_phase_017,bode_phase,,,False,True,False,False,phase_at_fq inconsistent with cutoff
openai,gpt-4.1,bode_phase_018,bode_phase,,,False,True,False,False,phase_at_fq inconsistent with cutoff
openai,gpt-4.1,bode_phase_019,bode_phase,,,False,True,False,False,phase_at_fq inconsistent with cutoff
openai,gpt-4.1,bode_phase_020,bode_phase,,,False,True,False,False,phase_at_fq inconsistent with cutoff
openai,gpt-4.1,bode_phase_021,bode_phase,,,False,True,False,False,phase_at_fq inconsistent with cutoff
openai,gpt-4.1,bode_phase_022,bode_phase,,,False,True,False,True,
openai,gpt-4.1,bode_phase_023,bode_phase,,,False,True,False,True,
openai,gpt-4.1,bode_phase_024,bode_phase,,,False,True,False,True,
openai,gpt-4.1,bode_phase_025,bode_phase,,,False,True,False,True,
openai,gpt-4.1,bode_phase_026,bode_phase,,,False,True,False,True,
openai,gpt-4.1,bode_phase_027,bode_phase,,,False,True,False,True,
openai,gpt-4.1,bode_phase_028,bode_phase,,,False,True,False,True,
openai,gpt-4.1,bode_phase_029,bode_phase,,,False,True,False,True,
openai,gpt-4.1,fft_spectrum_000,fft_spectrum,,,False,True,False,True,
openai,gpt-4.1,fft_spectrum_001,fft_spectrum,,,False,False,False,True,
openai,gpt-4.1,fft_spectrum_002,fft_spectrum,,,True,True,True,True,
openai,gpt-4.1,fft_spectrum_003,fft_spectrum,,,False,True,False,True,
openai,gpt-4.1,fft_spectrum_004,fft_spectrum,,,True,True,True,True,
openai,gpt-4.1,fft_spectrum_005,fft_spectrum,,,True,True,True,True,
openai,gpt-4.1,fft_spectrum_006,fft_spectrum,,,False,False,False,True,
openai,gpt-4.1,fft_spectrum_007,fft_spectrum,,,True,True,True,True,
openai,gpt-4.1,fft_spectrum_008,fft_spectrum,,,False,True,False,True,
openai,gpt-4.1,fft_spectrum_009,fft_spectrum,,,True,True,True,True,
openai,gpt-4.1,fft_spectrum_010,fft_spectrum,,,False,True,False,True,
openai,gpt-4.1,fft_spectrum_011,fft_spectrum,,,True,False,False,True,
openai,gpt-4.1,fft_spectrum_012,fft_spectrum,,,False,True,False,True,
openai,gpt-4.1,fft_spectrum_013,fft_spectrum,,,True,True,True,True,
openai,gpt-4.1,fft_spectrum_014,fft_spectrum,,,True,True,True,True,
openai,gpt-4.1,fft_spectrum_015,fft_spectrum,,,True,True,True,True,
openai,gpt-4.1,fft_spectrum_016,fft_spectrum,,,True,True,True,True,
openai,gpt-4.1,fft_spectrum_017,fft_spectrum,,,False,False,False,True,
openai,gpt-4.1,fft_spectrum_018,fft_spectrum,,,False,False,False,True,
openai,gpt-4.1,fft_spectrum_019,fft_spectrum,,,False,False,False,True,
openai,gpt-4.1,fft_spectrum_020,fft_spectrum,,,True,True,True,True,
openai,gpt-4.1,fft_spectrum_021,fft_spectrum,,,False,True,False,True,
openai,gpt-4.1,fft_spectrum_022,fft_spectrum,,,True,True,True,True,
openai,gpt-4.1,fft_spectrum_023,fft_spectrum,,,True,True,True,True,
openai,gpt-4.1,fft_spectrum_024,fft_spectrum,,,True,True,True,True,
openai,gpt-4.1,fft_spectrum_025,fft_spectrum,,,False,False,False,True,
openai,gpt-4.1,fft_spectrum_026,fft_spectrum,,,False,False,False,True,
openai,gpt-4.1,fft_spectrum_027,fft_spectrum,,,False,False,False,True,
openai,gpt-4.1,fft_spectrum_028,fft_spectrum,,,False,False,False,True,
openai,gpt-4.1,fft_spectrum_029,fft_spectrum,,,False,True,False,True,
openai,gpt-4.1,iv_curve_000,iv_curve,,,False,True,False,True,
openai,gpt-4.1,iv_curve_001,iv_curve,,,False,False,False,True,
openai,gpt-4.1,iv_curve_002,iv_curve,,,True,True,True,True,
openai,gpt-4.1,iv_curve_003,iv_curve,,,False,True,False,True,
openai,gpt-4.1,iv_curve_004,iv_curve,,,True,True,True,True,
openai,gpt-4.1,iv_curve_005,iv_curve,,,True,True,True,True,
openai,gpt-4.1,iv_curve_006,iv_curve,,,False,True,False,True,
openai,gpt-4.1,iv_curve_007,iv_curve,,,True,True,True,True,
openai,gpt-4.1,iv_curve_008,iv_curve,,,True,True,True,True,
openai,gpt-4.1,iv_curve_009,iv_curve,,,False,True,False,True,
openai,gpt-4.1,iv_curve_010,iv_curve,,,True,True,True,True,
openai,gpt-4.1,iv_curve_011,iv_curve,,,True,True,True,True,
openai,gpt-4.1,iv_curve_012,iv_curve,,,True,True,True,True,
openai,gpt-4.1,iv_curve_013,iv_curve,,,True,True,True,True,
openai,gpt-4.1,iv_curve_014,iv_curve,,,True,True,True,True,
openai,gpt-4.1,iv_curve_015,iv_curve,,,False,True,False,True,
openai,gpt-4.1,iv_curve_016,iv_curve,,,True,True,True,True,
openai,gpt-4.1,iv_curve_017,iv_curve,,,True,True,True,True,
openai,gpt-4.1,iv_curve_018,iv_curve,,,True,True,True,True,
openai,gpt-4.1,iv_curve_019,iv_curve,,,True,True,True,True,
openai,gpt-4.1,iv_curve_020,iv_curve,,,True,True,True,True,
openai,gpt-4.1,iv_curve_021,iv_curve,,,False,True,False,True,
openai,gpt-4.1,iv_curve_022,iv_curve,,,True,True,True,True,
openai,gpt-4.1,iv_curve_023,iv_curve,,,True,True,True,True,
openai,gpt-4.1,iv_curve_024,iv_curve,,,False,True,False,True,
openai,gpt-4.1,iv_curve_025,iv_curve,,,True,True,True,True,
openai,gpt-4.1,iv_curve_026,iv_curve,,,True,True,True,True,
openai,gpt-4.1,iv_curve_027,iv_curve,,,False,True,False,True,
openai,gpt-4.1,iv_curve_028,iv_curve,,,True,True,True,True,
openai,gpt-4.1,iv_curve_029,iv_curve,,,True,True,True,True,
openai,gpt-4.1,spectrogram_000,spectrogram,,,True,True,True,True,
openai,gpt-4.1,spectrogram_001,spectrogram,,,True,True,True,True,
openai,gpt-4.1,spectrogram_002,spectrogram,,,True,True,True,True,
openai,gpt-4.1,spectrogram_003,spectrogram,,,False,True,False,True,
openai,gpt-4.1,spectrogram_004,spectrogram,,,True,True,True,True,
openai,gpt-4.1,spectrogram_005,spectrogram,,,True,True,True,True,
openai,gpt-4.1,spectrogram_006,spectrogram,,,True,True,True,True,
openai,gpt-4.1,spectrogram_007,spectrogram,,,False,True,False,True,
openai,gpt-4.1,spectrogram_008,spectrogram,,,True,True,True,True,
openai,gpt-4.1,spectrogram_009,spectrogram,,,True,True,True,True,
openai,gpt-4.1,spectrogram_010,spectrogram,,,True,True,True,True,
openai,gpt-4.1,spectrogram_011,spectrogram,,,False,True,False,True,
openai,gpt-4.1,spectrogram_012,spectrogram,,,False,True,False,True,
openai,gpt-4.1,spectrogram_013,spectrogram,,,True,True,True,True,
openai,gpt-4.1,spectrogram_014,spectrogram,,,True,True,True,True,
openai,gpt-4.1,spectrogram_015,spectrogram,,,False,True,False,True,
openai,gpt-4.1,spectrogram_016,spectrogram,,,True,True,True,True,
openai,gpt-4.1,spectrogram_017,spectrogram,,,True,True,True,True,
openai,gpt-4.1,spectrogram_018,spectrogram,,,False,True,False,True,
openai,gpt-4.1,spectrogram_019,spectrogram,,,True,True,True,True,
openai,gpt-4.1,spectrogram_020,spectrogram,,,False,True,False,True,
openai,gpt-4.1,spectrogram_021,spectrogram,,,True,True,True,True,
openai,gpt-4.1,spectrogram_022,spectrogram,,,True,True,True,True,
openai,gpt-4.1,spectrogram_023,spectrogram,,,True,True,True,True,
openai,gpt-4.1,spectrogram_024,spectrogram,,,True,True,True,True,
openai,gpt-4.1,spectrogram_025,spectrogram,,,False,True,False,True,
openai,gpt-4.1,spectrogram_026,spectrogram,,,True,False,False,True,
openai,gpt-4.1,spectrogram_027,spectrogram,,,True,True,True,True,
openai,gpt-4.1,spectrogram_028,spectrogram,,,True,True,True,True,
openai,gpt-4.1,spectrogram_029,spectrogram,,,True,True,True,True,
openai,gpt-4.1,step_response_000,step_response,,,True,True,True,True,
openai,gpt-4.1,step_response_001,step_response,,,True,True,True,True,
openai,gpt-4.1,step_response_002,step_response,,,True,True,True,True,
openai,gpt-4.1,step_response_003,step_response,,,True,True,True,True,
openai,gpt-4.1,step_response_004,step_response,,,True,True,True,True,
openai,gpt-4.1,step_response_005,step_response,,,False,True,False,True,
openai,gpt-4.1,step_response_006,step_response,,,False,True,False,True,
openai,gpt-4.1,step_response_007,step_response,,,True,True,True,True,
openai,gpt-4.1,step_response_008,step_response,,,True,True,True,True,
openai,gpt-4.1,step_response_009,step_response,,,False,True,False,True,
openai,gpt-4.1,step_response_010,step_response,,,True,True,True,True,
openai,gpt-4.1,step_response_011,step_response,,,True,True,True,True,
openai,gpt-4.1,step_response_012,step_response,,,True,True,True,True,
openai,gpt-4.1,step_response_013,step_response,,,True,True,True,True,
openai,gpt-4.1,step_response_014,step_response,,,False,True,False,True,
openai,gpt-4.1,step_response_015,step_response,,,False,True,False,True,
openai,gpt-4.1,step_response_016,step_response,,,True,True,True,True,
openai,gpt-4.1,step_response_017,step_response,,,True,True,True,True,
openai,gpt-4.1,step_response_018,step_response,,,True,True,True,True,
openai,gpt-4.1,step_response_019,step_response,,,True,True,True,True,
openai,gpt-4.1,step_response_020,step_response,,,True,True,True,True,
openai,gpt-4.1,step_response_021,step_response,,,True,True,True,True,
openai,gpt-4.1,step_response_022,step_response,,,True,True,True,True,
openai,gpt-4.1,step_response_023,step_response,,,True,True,True,True,
openai,gpt-4.1,step_response_024,step_response,,,True,True,True,True,
openai,gpt-4.1,step_response_025,step_response,,,True,True,True,True,
openai,gpt-4.1,step_response_026,step_response,,,True,True,True,True,
openai,gpt-4.1,step_response_027,step_response,,,True,True,True,True,
openai,gpt-4.1,step_response_028,step_response,,,False,False,False,True,
openai,gpt-4.1,step_response_029,step_response,,,True,True,True,True,
openai,gpt-4.1,time_waveform_000,time_waveform,,,False,False,False,True,
openai,gpt-4.1,time_waveform_001,time_waveform,,,True,False,False,True,
openai,gpt-4.1,time_waveform_002,time_waveform,,,False,False,False,True,
openai,gpt-4.1,time_waveform_003,time_waveform,,,False,False,False,False,period != 1/frequency
openai,gpt-4.1,time_waveform_004,time_waveform,,,False,True,False,True,
openai,gpt-4.1,time_waveform_005,time_waveform,,,False,False,False,True,
openai,gpt-4.1,time_waveform_006,time_waveform,,,False,False,False,True,
openai,gpt-4.1,time_waveform_007,time_waveform,,,False,False,False,True,
openai,gpt-4.1,time_waveform_008,time_waveform,,,False,False,False,True,
openai,gpt-4.1,time_waveform_009,time_waveform,,,False,True,False,True,
openai,gpt-4.1,time_waveform_010,time_waveform,,,False,False,False,True,
openai,gpt-4.1,time_waveform_011,time_waveform,,,False,False,False,True,
openai,gpt-4.1,time_waveform_012,time_waveform,,,False,False,False,True,
openai,gpt-4.1,time_waveform_013,time_waveform,,,False,False,False,True,
openai,gpt-4.1,time_waveform_014,time_waveform,,,False,False,False,True,
openai,gpt-4.1,time_waveform_015,time_waveform,,,False,False,False,True,
openai,gpt-4.1,time_waveform_016,time_waveform,,,True,False,False,True,
openai,gpt-4.1,time_waveform_017,time_waveform,,,False,False,False,True,
openai,gpt-4.1,time_waveform_018,time_waveform,,,False,False,False,True,
openai,gpt-4.1,time_waveform_019,time_waveform,,,False,False,False,True,
openai,gpt-4.1,time_waveform_020,time_waveform,,,True,False,False,True,
openai,gpt-4.1,time_waveform_021,time_waveform,,,True,False,False,True,
openai,gpt-4.1,time_waveform_022,time_waveform,,,False,False,False,True,
openai,gpt-4.1,time_waveform_023,time_waveform,,,False,False,False,True,
openai,gpt-4.1,time_waveform_024,time_waveform,,,False,False,False,True,
openai,gpt-4.1,time_waveform_025,time_waveform,,,True,False,False,True,
openai,gpt-4.1,time_waveform_026,time_waveform,,,False,False,False,True,
openai,gpt-4.1,time_waveform_027,time_waveform,,,False,False,False,True,
openai,gpt-4.1,time_waveform_028,time_waveform,,,False,False,False,True,
openai,gpt-4.1,time_waveform_029,time_waveform,,,False,False,False,True,
openai,gpt-4.1,transfer_characteristic_000,transfer_characteristic,,,True,True,True,True,
openai,gpt-4.1,transfer_characteristic_001,transfer_characteristic,,,False,False,False,True,
openai,gpt-4.1,transfer_characteristic_002,transfer_characteristic,,,False,True,False,False,vin_sat != vsat/gain
openai,gpt-4.1,transfer_characteristic_003,transfer_characteristic,,,False,False,False,True,
openai,gpt-4.1,transfer_characteristic_004,transfer_characteristic,,,True,True,True,True,
openai,gpt-4.1,transfer_characteristic_005,transfer_characteristic,,,True,True,True,True,
openai,gpt-4.1,transfer_characteristic_006,transfer_characteristic,,,False,False,False,True,
openai,gpt-4.1,transfer_characteristic_007,transfer_characteristic,,,True,True,True,True,
openai,gpt-4.1,transfer_characteristic_008,transfer_characteristic,,,False,False,False,True,
openai,gpt-4.1,transfer_characteristic_009,transfer_characteristic,,,False,False,False,True,
openai,gpt-4.1,transfer_characteristic_010,transfer_characteristic,,,False,True,False,False,vin_sat != vsat/gain
openai,gpt-4.1,transfer_characteristic_011,transfer_characteristic,,,False,True,False,False,vin_sat != vsat/gain
openai,gpt-4.1,transfer_characteristic_012,transfer_characteristic,,,True,True,True,True,
openai,gpt-4.1,transfer_characteristic_013,transfer_characteristic,,,False,False,False,True,
openai,gpt-4.1,transfer_characteristic_014,transfer_characteristic,,,False,False,False,True,
openai,gpt-4.1,transfer_characteristic_015,transfer_characteristic,,,False,False,False,True,
openai,gpt-4.1,transfer_characteristic_016,transfer_characteristic,,,True,True,True,True,
openai,gpt-4.1,transfer_characteristic_017,transfer_characteristic,,,False,False,False,True,
openai,gpt-4.1,transfer_characteristic_018,transfer_characteristic,,,True,True,True,True,
openai,gpt-4.1,transfer_characteristic_019,transfer_characteristic,,,True,True,True,True,
openai,gpt-4.1,transfer_characteristic_020,transfer_characteristic,,,False,True,False,False,vin_sat != vsat/gain
openai,gpt-4.1,transfer_characteristic_021,transfer_characteristic,,,False,True,False,False,vin_sat != vsat/gain
openai,gpt-4.1,transfer_characteristic_022,transfer_characteristic,,,False,True,False,True,
openai,gpt-4.1,transfer_characteristic_023,transfer_characteristic,,,False,True,False,True,
openai,gpt-4.1,transfer_characteristic_024,transfer_characteristic,,,True,True,True,True,
openai,gpt-4.1,transfer_characteristic_025,transfer_characteristic,,,False,True,False,False,vin_sat != vsat/gain
openai,gpt-4.1,transfer_characteristic_026,transfer_characteristic,,,True,True,True,True,
openai,gpt-4.1,transfer_characteristic_027,transfer_characteristic,,,False,True,False,True,
openai,gpt-4.1,transfer_characteristic_028,transfer_characteristic,,,False,True,False,True,
openai,gpt-4.1,transfer_characteristic_029,transfer_characteristic,,,False,True,False,True,
